<?xml version="1.0" encoding="UTF-8"?>
<thing:thing-descriptions bindingId="yahooweather"
        xmlns:xsi="http://www.w3.org/2001/XMLSchema-instance"
        xmlns:thing="http://eclipse.org/smarthome/schemas/thing-description/v1.0.0"
        xsi:schemaLocation="http://eclipse.org/smarthome/schemas/thing-description/v1.0.0 http://eclipse.org/smarthome/schemas/thing-description-1.0.0.xsd">

    <!-- Atomclock Binding -->
    <thing-type id="atomclock">
        <label>Atomclock Information</label>
        <description>Provides time data from the Atomuhr.de service</description>

		<channels>
			<channel id="time" typeId="time" />
		</channels>

        <config-description>
            <parameter name="refresh" type="integer" min="1">
                <label>Refresh interval</label>
                <description>Specifies the refresh interval in seconds.</description>
                <default>20</default>
            </parameter>
        </config-description>
    </thing-type>

    <channel-type id="time">
        <item-type>Number</item-type>
        <label>Time</label>
        <description>Current time</description>
        <category>Time - does not actually exist</category>
        <state readOnly="true" pattern="%.1f ECT">
        </state>
    </channel-type>

</thing:thing-descriptions>
